canonical_key,total_mentions,variation_count,variations
Lucy,240,1,['Lucy']
Van_Helsing,215,1,['Van Helsing']
Mina,197,2,"['MINA', 'Mina']"
Jonathan,178,3,"[' Jonathan', 'JONATHAN', 'Jonathan']"
Arthur,154,3,"['Art', 'Arthur', 'Lord Arthur']"
Professor,117,1,['Professor']
Lord_Godalming,90,2,"['Godalming', 'Lord Godalming']"
Seward,84,1,[' Seward']
Harker,66,1,[' Harker']
God,66,1,['God']
John,62,2,"['JOHN', 'John']"
Van_Helsing,52,1,[' Van Helsing']
Van,50,1,['Van']
Quincey,48,1,['Quincey']
Harker,46,1,['Harker']
Renfield,36,1,['Renfield']
Seward,32,1,['Seward']
Morris,32,1,[' Morris']
Jonathan_Harker,24,1,['Jonathan Harker']
Miss_Lucy,21,1,['Miss Lucy']
Quincey_Morris,20,1,['Quincey Morris']
Count,20,1,['Count']
Morris,19,1,['Morris']
Lucy_Westenra,16,2,"['Lucy Westenra', 'Miss Lucy Westenra']"
Mina_Harker,16,1,['Mina Harker']
Westenra,15,3,"['Miss Westenra', 'Mrs. Westenra', 'Westenra']"
Westenra,14,1,[' Westenra']
Madam,14,1,['Madam']
Hawkins,13,1,[' Hawkins']
Dracula,11,1,['Dracula']
Mina_Murray,10,2,"['Mina Murray', 'Miss Mina Murray']"
Arthur_Holmwood,10,1,['Arthur Holmwood']
Czarina,10,1,['Czarina']
Count_Dracula,9,1,['Count Dracula']
Professor_Van_Helsing,9,1,['Professor Van Helsing']
Skinsky,9,1,['Skinsky']
Hawkins,8,1,['Hawkins']
Renfield,8,1,[' Renfield']
Jack,8,1,['Jack']
Galatz,8,1,['Galatz']
Peter_Hawkins,6,1,['Peter Hawkins']
Holmwood,6,1,[' Holmwood']
Bersicker,6,1,['Bersicker']
Murray,5,2,"['Miss Murray', 'Murray']"
John_Seward,5,1,['John Seward']
Swales,5,1,[' Swales']
Billington,4,1,[' Billington']
Czarina_Catherine,4,1,['Czarina Catherine']
Catherine,4,1,['Catherine']
Billington,3,1,['Billington']
Kettleness,3,1,['Kettleness']
Whitby,3,1,['Whitby']
Sister_Agatha,3,1,['Sister Agatha']
Helsing,3,1,['Helsing']
Nature,3,1,['Nature']
Thomas,3,1,['Thomas']
Bilder,3,1,[' Bilder']
Piccadilly,3,1,['Piccadilly']
Carfax,3,1,['Carfax']
Quincey_Morris,3,1,[' Quincey Morris']
Smollet,3,1,['Smollet']
Enoch,3,1,['Enoch']
Varna,3,1,['Varna']
Madam_Mina,3,1,['Madam Mina']
Deil,3,1,['Deil']
Hildesheim,3,1,['Hildesheim']
Bram_Stoker,2,1,['Bram Stoker']
Thor,2,1,['Thor']
Hamlet,2,1,['Hamlet']
Shakespeare,2,1,['Shakespeare']
Quincey_P._Morris,2,1,['Quincey P. Morris']
Sir_John_Paxton,2,2,"['John Paxton', 'Sir John Paxton']"
Hon,2,1,['Hon']
Death,2,1,['Death']
Wilhelmina,2,1,['Wilhelmina']
Mother,2,1,['Mother']
Ring,2,1,['Ring']
Abraham_Van_Helsing,2,1,['Abraham Van Helsing']
Lor,2,1,['Lor']
Jack_Seward,2,1,['Jack Seward']
Abraham,2,1,['Abraham']
Vincent,2,1,['Vincent']
Carter_Paterson,2,1,['Carter Paterson']
Arminius,2,1,['Arminius']
Sam_Bloxam,2,1,['Sam Bloxam']
Sam,2,1,['Sam']
Potter,2,1,['Potter']
Corcoran,2,1,['Corcoran']
Doctor,2,1,['Doctor']
D,2,2,"['D', 'd']"
Devil,2,1,['Devil']
Winchesters,2,1,['Winchesters']
Rufus,2,1,['Rufus']
Smith,2,1,['Smith']
Captain_Donelson,2,2,"['Captain Donelson', 'Donelson']"
Petrof_Skinsky,2,1,['Petrof Skinsky']
Szgany,2,1,['Szgany']
Burger,1,1,['Burger']
Lenore,1,1,['Lenore']
Harker_Jonathan,1,1,['Harker Jonathan']
Purfleet,1,1,['Purfleet']
Wodin,1,1,['Wodin']
Attila,1,1,['Attila']
Cassova,1,1,['Cassova']
Romanoffs,1,1,['Romanoffs']
Peter,1,1,['Peter']
Judas,1,1,['Judas']
Quincey_P._Morris,1,1,[' Quincey P. Morris']
R,1,1,['R']
M,1,1,['M']
Sir_Oracle,1,1,['Sir Oracle']
Edward,1,1,['Edward']
Spencelagh,1,1,['Spencelagh']
Braithwaite_Lowrey,1,1,['Braithwaite Lowrey']
Andrew_Woodhouse,1,1,['Andrew Woodhouse']
John_Rawlings,1,1,['John Rawlings']
Judgment,1,1,['Judgment']
George_Canon,1,1,['George Canon']
Gabriel,1,1,['Gabriel']
Geordie,1,1,['Geordie']
Burdon,1,1,['Burdon']
Woods,1,1,['Woods']
Robin,1,1,['Robin']
Hood,1,1,['Hood']
Bay,1,1,['Bay']
Caffyn,1,1,['Caffyn']
Casabianca,1,1,['Casabianca']
Crescent,1,1,['Crescent']
S,1,1,['S']
F,1,1,['F']
Petrofsky,1,1,['Petrofsky']
Abramoff,1,1,['Abramoff']
Olgaren,1,1,['Olgaren']
Spohr,1,1,['Spohr']
Mackenzie,1,1,['Mackenzie']
Rose,1,1,['Rose']
Joy,1,1,['Joy']
Wilhelmina_Murray,1,1,['Wilhelmina Murray']
Jack_Sheppard,1,1,['Jack Sheppard']
Agatha,1,1,['Agatha']
Disraeli,1,1,['Disraeli']
Write,1,1,['Write']
Wire,1,1,['Wire']
Zoöphagous,1,1,['Zoöphagous']
Telegram,1,1,['Telegram']
Holmwood,1,1,['Holmwood']
Dame_Nature,1,1,['Dame Nature']
Madame,1,1,['Madame']
Love,1,1,['Love']
Vanderpool,1,1,['Vanderpool']
Ophelia,1,1,['Ophelia']
Thomas_Bilder,1,1,['Thomas Bilder']
Bilder,1,1,['Bilder']
Red_Riding_Hood,1,1,['Red Riding Hood']
Old_Bilder,1,1,['Old Bilder']
Patrick_Hennessey,1,1,['Patrick Hennessey']
Hardy,1,1,['Hardy']
Marquand,1,1,[' Marquand']
Paxt,1,1,['Paxt']
Green,1,1,['Green']
Viking,1,1,['Viking']
King,1,1,['King']
Ellen_Terry,1,1,['Ellen Terry']
John_Seward,1,1,[' John Seward']
Holland,1,1,['Holland']
Mary,1,1,['Mary']
Finis,1,1,['Finis']
Charcot,1,1,['Charcot']
Methuselah,1,1,['Methuselah']
Old,1,1,['Old']
Parr,1,1,['Parr']
Byron,1,1,['Byron']
Vincent,1,1,[' Vincent']
Scott,1,1,['Scott']
Medusa,1,1,['Medusa']
Almighty_God,1,1,['Almighty God']
Goodness,1,1,['Goodness']
Hennessey,1,1,[' Hennessey']
Draculas,1,1,['Draculas']
Windham,1,1,['Windham']
Derby,1,1,['Derby']
Union,1,1,['Union']
Domine,1,1,['Domine']
Thomas_Snelling,1,1,['Thomas Snelling']
Joseph_Smollet,1,1,[' Joseph Smollet']
Bloxam,1,1,['Bloxam']
Korkrans,1,1,['Korkrans']
Poters_Cort,1,1,['Poters Cort']
Arsk,1,1,['Arsk']
Bloxam,1,1,[' Bloxam']
Malvolio,1,1,['Malvolio']
Lordship,1,1,['Lordship']
Simmons,1,1,['Simmons']
Acherontia,1,1,['Acherontia']
Moon,1,1,['Moon']
Harkers,1,1,['Harkers']
Dead,1,1,['Dead']
Friend_Quincey,1,1,['Friend Quincey']
Arminus,1,1,['Arminus']
Tally_Ho,1,1,['Tally Ho']
Doolittle,1,1,['Doolittle']
Ristics,1,1,['Ristics']
Angel,1,1,['Angel']
Judge_Moneybag,1,1,['Judge Moneybag']
Dardanelles,1,1,['Dardanelles']
Lloyd,1,1,['Lloyd']
Rufus_Smith,1,1,['Rufus Smith']
Kukri,1,1,['Kukri']
Exeter,1,1,['Exeter']
Morris_Quincey,1,1,['Morris Quincey']
Hans,1,1,['Hans']
Archimedes,1,1,['Archimedes']
Nordau,1,1,['Nordau']
Lombroso,1,1,['Lombroso']
Cattle,1,1,['Cattle']
Me,1,1,['Me']
De_Ville,1,1,[' de Ville']
Petrof,1,1,['Petrof']
Hildes,1,1,['Hildes']
Bistritza,1,1,['Bistritza']
